id;content;sent_at
eda1f699-2782-4f5a-89c9-18e6e5cee471;tentacle brr versus;2025-11-22T21:09:40
d400ace4-6e81-4c4e-a7c0-b02ff40d13b7;enchanted ill ugh;2025-11-22T22:56:19
fae94f25-4ca2-4c86-821f-1a3327c890da;limp of;2025-11-22T20:21:13
08eb7ae7-23dc-4f0b-a301-5c73be7859ba;yippee;2025-11-23T01:27:39
64ad1c44-5586-46d2-9958-f569874918a7;sun;2025-11-22T20:01:53
d6d0fac3-919e-4ea6-b093-792e58e7a881;as frightfully;2025-11-23T05:17:42
85c98c0a-5e61-4ce6-8f01-b18bcd132c43;to federate;2025-11-23T10:46:05
a48852d6-88fb-47df-ac34-6c0674f3ba35;whoever meh;2025-11-23T15:03:12
aec859a0-ab77-4440-829a-40db10291598;declaration rural;2025-11-23T16:55:44
49d784f2-617b-49ac-a4d3-d3276517f1e9;hyena reproach dreamily;2025-11-22T22:36:02
