id;granted_at
b1561a5e-eaac-49da-842d-ba1ded19fd1d;2025-11-23T06:27:44
9177d6fc-0669-4d0d-8d9b-071322de0af0;2025-11-23T02:02:09
d15c8d20-97ee-41f1-afec-31cd23052361;2025-11-23T00:21:17
6971607f-9684-482e-b4fd-50c1a1f9bfed;2025-11-23T05:06:56
34ee33c9-eee3-43ed-91a5-c1ef8ea4bd0f;2025-11-23T04:27:04
1f1cecfd-505e-492d-b560-a9713b89e36f;2025-11-22T19:23:00
a549ca06-fb0d-4f03-aea3-c5db10dea0db;2025-11-23T16:38:53
6a2a2675-9d8c-4c6b-8e77-45721caa25eb;2025-11-22T17:35:14
762a4fc0-9d69-471f-8cdf-a75ad4234881;2025-11-23T08:22:25
8fa0fd02-2be6-4e10-898e-f0bd726d16ea;2025-11-22T19:30:04
